{"cameraMode":{"drawMode":0,"name":"Shaded","section":"Shading Mode"},"sceneLighting":true,"audioPlay":false,"sceneViewState":{"m_AlwaysRefresh":false,"showFog":true,"showSkybox":true,"showFlares":true,"showImageEffects":true,"showParticleSystems":true,"showVisualEffectGraphs":true,"m_FxEnabled":true},"in2DMode":false,"pivot":{"x":0.8038850426673889,"y":8.384562492370606,"z":-3.6794943809509279},"rotation":{"x":-0.0007310340879485011,"y":0.9991067051887512,"z":-0.037484098225831988,"w":-0.01948508433997631},"size":13.356475830078125,"orthographic":false}